{"start_time": 1717605302.0567567, "elapsed_time": 98.50095796585083, "running": true}